Source_Node,Destination_Node
S1,ai_nanoid
S2,ai_nanoid
S3,ai_nanoid
S4,axios_axios
S5,axios_axios
S6,axios_axios
S2,axios_axios
S7,axios_axios
S8,axios_axios
S9,axios_axios
S10,axios_axios
S11,axios_axios
S12,axios_axios
S13,axios_axios
S14,axios_axios
S15,axios_axios
S16,axios_axios
S17,axios_axios
S18,axios_axios
S19,axios_axios
S20,axios_axios
S21,date-fns_date-fns
S22,date-fns_date-fns
S23,date-fns_date-fns
S24,date-fns_date-fns
S25,date-fns_date-fns
S26,date-fns_date-fns
S27,date-fns_date-fns
S28,date-fns_date-fns
S29,date-fns_date-fns
S30,date-fns_date-fns
S31,date-fns_date-fns
S32,date-fns_date-fns
S33,date-fns_date-fns
S34,date-fns_date-fns
S35,date-fns_date-fns
S36,date-fns_date-fns
S37,date-fns_date-fns
S38,date-fns_date-fns
S39,date-fns_date-fns
S40,date-fns_date-fns
S41,date-fns_date-fns
S42,date-fns_date-fns
S43,date-fns_date-fns
S44,date-fns_date-fns
S45,date-fns_date-fns
S2,date-fns_date-fns
S46,date-fns_date-fns
S47,date-fns_date-fns
S48,date-fns_date-fns
S49,date-fns_date-fns
S50,date-fns_date-fns
S51,date-fns_date-fns
S52,date-fns_date-fns
S53,date-fns_date-fns
S54,date-fns_date-fns
S55,date-fns_date-fns
S56,date-fns_date-fns
S57,date-fns_date-fns
S58,date-fns_date-fns
S59,date-fns_date-fns
S60,date-fns_date-fns
S61,date-fns_date-fns
S62,date-fns_date-fns
S63,date-fns_date-fns
S64,date-fns_date-fns
S65,date-fns_date-fns
S66,date-fns_date-fns
S67,date-fns_date-fns
S68,date-fns_date-fns
S69,date-fns_date-fns
S70,date-fns_date-fns
S71,date-fns_date-fns
S72,date-fns_date-fns
S73,date-fns_date-fns
S74,date-fns_date-fns
S75,date-fns_date-fns
S76,date-fns_date-fns
S77,date-fns_date-fns
S78,date-fns_date-fns
S79,date-fns_date-fns
S80,date-fns_date-fns
S81,date-fns_date-fns
S82,date-fns_date-fns
S83,date-fns_date-fns
S84,date-fns_date-fns
S85,date-fns_date-fns
S86,date-fns_date-fns
S87,date-fns_date-fns
S88,date-fns_date-fns
S89,date-fns_date-fns
S90,date-fns_date-fns
S91,date-fns_date-fns
S92,date-fns_date-fns
S93,date-fns_date-fns
S94,date-fns_date-fns
S95,date-fns_date-fns
S96,date-fns_date-fns
S97,date-fns_date-fns
S98,date-fns_date-fns
S99,date-fns_date-fns
S100,date-fns_date-fns
S101,date-fns_date-fns
S102,date-fns_date-fns
S103,date-fns_date-fns
S104,date-fns_date-fns
S105,date-fns_date-fns
S106,date-fns_date-fns
S107,date-fns_date-fns
S108,date-fns_date-fns
S109,date-fns_date-fns
S110,date-fns_date-fns
S111,date-fns_date-fns
S112,date-fns_date-fns
S113,date-fns_date-fns
S114,date-fns_date-fns
S115,date-fns_date-fns
S116,date-fns_date-fns
S117,date-fns_date-fns
S118,date-fns_date-fns
S119,date-fns_date-fns
S120,date-fns_date-fns
S121,date-fns_date-fns
S122,date-fns_date-fns
S123,date-fns_date-fns
S124,date-fns_date-fns
S125,date-fns_date-fns
S126,date-fns_date-fns
S127,date-fns_date-fns
S128,date-fns_date-fns
S129,date-fns_date-fns
S130,date-fns_date-fns
S131,date-fns_date-fns
S132,date-fns_date-fns
S133,date-fns_date-fns
S134,date-fns_date-fns
S135,date-fns_date-fns
S136,date-fns_date-fns
S137,date-fns_date-fns
S138,date-fns_date-fns
S139,date-fns_date-fns
S1,dylang_shortid
S140,dylang_shortid
S141,dylang_shortid
S142,Elizabeth-Warren_iowa-caucus-app
S2,Elizabeth-Warren_iowa-caucus-app
S143,Elizabeth-Warren_iowa-caucus-app
S144,Elizabeth-Warren_iowa-caucus-app
S145,Elizabeth-Warren_iowa-caucus-app
S146,Elizabeth-Warren_iowa-caucus-app
S147,Elizabeth-Warren_iowa-caucus-app
S148,Elizabeth-Warren_iowa-caucus-app
S149,Elizabeth-Warren_iowa-caucus-app
S150,Elizabeth-Warren_iowa-caucus-app
S151,Elizabeth-Warren_iowa-caucus-app
S152,Elizabeth-Warren_iowa-caucus-app
S153,Elizabeth-Warren_iowa-caucus-app
S154,Elizabeth-Warren_iowa-caucus-app
S155,Elizabeth-Warren_iowa-caucus-app
S156,Elizabeth-Warren_iowa-caucus-app
S157,Elizabeth-Warren_iowa-caucus-app
S158,Elizabeth-Warren_iowa-caucus-app
S159,Elizabeth-Warren_iowa-caucus-app
S2,follow-redirects_follow-redirects
S160,follow-redirects_follow-redirects
S161,follow-redirects_follow-redirects
S162,follow-redirects_follow-redirects
S2,heavyy_vue-intersect
S163,heavyy_vue-intersect
S164,heavyy_vue-intersect
S165,heavyy_vue-intersect
S2,LinusBorg_portal-vue
S166,LinusBorg_portal-vue
S102,LinusBorg_portal-vue
S167,LinusBorg_portal-vue
S168,lodash_lodash
S169,lodash_lodash
S170,lodash_lodash
S171,lodash_lodash
S172,lodash_lodash
S173,lodash_lodash
S174,lodash_lodash
S175,lodash_lodash
S176,lodash_lodash
S177,robinvdvleuten_shvl
S178,robinvdvleuten_shvl
S179,robinvdvleuten_shvl
S2-preview,robinvdvleuten_shvl
S181,robinvdvleuten_shvl
S182,robinvdvleuten_shvl
S183,robinvdvleuten_shvl
S184,robinvdvleuten_shvl
S185,robinvdvleuten_shvl
S177,robinvdvleuten_vuex-persistedstate
S178,robinvdvleuten_vuex-persistedstate
S179,robinvdvleuten_vuex-persistedstate
S2-preview,robinvdvleuten_vuex-persistedstate
S181,robinvdvleuten_vuex-persistedstate
S182,robinvdvleuten_vuex-persistedstate
S183,robinvdvleuten_vuex-persistedstate
S184,robinvdvleuten_vuex-persistedstate
S185,robinvdvleuten_vuex-persistedstate
S186,TehShrike_deepmerge
S2,TehShrike_deepmerge
S187,TehShrike_deepmerge
S188,TehShrike_deepmerge
S189,TehShrike_deepmerge
S190,TehShrike_deepmerge
S191,TehShrike_deepmerge
S192,TehShrike_deepmerge
S193,TehShrike_deepmerge
S194,TehShrike_deepmerge
S195,theKashey_focus-lock
S196,theKashey_focus-lock
S197,theKashey_focus-lock
S198,theKashey_focus-lock
S199,theKashey_focus-lock
S195,theKashey_vue-focus-lock
S196,theKashey_vue-focus-lock
S197,theKashey_vue-focus-lock
S198,theKashey_vue-focus-lock
S199,theKashey_vue-focus-lock
S200,visionmedia_debug
S2,visionmedia_debug
S201,visionmedia_debug
S202,visionmedia_debug
S203,visionmedia_debug
S204,visionmedia_debug
S205,visionmedia_debug
S206,visionmedia_debug
S207,visionmedia_debug
S2,vuejs-tips_vue-the-mask
S208,vuejs-tips_vue-the-mask
S209,vuejs_vue-router
S210,vuejs_vue-router
S2,vuejs_vue-router
S63,vuejs_vue-router
S211,vuejs_vue-router
S166,vuejs_vue-router
S102,vuejs_vue-router
S212,vuejs_vue-router
S213,vuejs_vue-router
S214,vuejs_vue-router
S215,vuejs_vue-router
S216,vuejs_vue-router
S217,vuejs_vue-router
S218,vuejs_vue-router
S200kryum,vuejs_vue
S210,vuejs_vue
S2,vuejs_vue
S220,vuejs_vue
S221,vuejs_vue
S211,vuejs_vue
S222,vuejs_vue
S166,vuejs_vue
S223,vuejs_vue
S224,vuejs_vue
S102,vuejs_vue
S225,vuejs_vue
S213,vuejs_vue
S226,vuejs_vue
S227,vuejs_vue
S228,vuejs_vue
S215,vuejs_vue
S216,vuejs_vue
S217,vuejs_vue
S218,vuejs_vue
S200kryum,vuejs_vuex
S209,vuejs_vuex
S210,vuejs_vuex
S2,vuejs_vuex
S63,vuejs_vuex
S229,vuejs_vuex
S230,vuejs_vuex
S211,vuejs_vuex
S231,vuejs_vuex
S222,vuejs_vuex
S166,vuejs_vuex
S102,vuejs_vuex
S212,vuejs_vuex
S213,vuejs_vuex
S214,vuejs_vuex
S215,vuejs_vuex
S216,vuejs_vuex
S217,vuejs_vuex
S218,vuejs_vuex
S2,yyx990803_register-service-worker
S102,yyx990803_register-service-worker
S228,yyx990803_register-service-worker
S232,yyx990803_register-service-worker
S217,yyx990803_register-service-worker
S233,zeit_ms
S234,zeit_ms
S2,zeit_ms
S235,zeit_ms
S236,zeit_ms
S237,zeit_ms
S238,zeit_ms
S239,zeit_ms
S167,zeit_ms
S240,zeit_ms
S157,zeit_ms
S241,zeit_ms
S242,zeit_ms
S184,zeit_ms
S159,zeit_ms
S199,zeit_ms
S243,zeit_ms
S2,zloirock_core-js
S244,zloirock_core-js
S3,zloirock_core-js
S245,zloirock_core-js
axios_axios,Elizabeth-Warren_iowa-caucus-app
follow-redirects_follow-redirects,axios_axios
visionmedia_debug,follow-redirects_follow-redirects
zeit_ms,visionmedia_debug
lodash_lodash,Elizabeth-Warren_iowa-caucus-app
zloirock_core-js,Elizabeth-Warren_iowa-caucus-app
robinvdvleuten_vuex-persistedstate,Elizabeth-Warren_iowa-caucus-app
robinvdvleuten_shvl,robinvdvleuten_vuex-persistedstate
TehShrike_deepmerge,robinvdvleuten_vuex-persistedstate
vuejs_vuex,Elizabeth-Warren_iowa-caucus-app
vuejs-tips_vue-the-mask,Elizabeth-Warren_iowa-caucus-app
yyx990803_register-service-worker,Elizabeth-Warren_iowa-caucus-app
vuejs_vue,Elizabeth-Warren_iowa-caucus-app
dylang_shortid,Elizabeth-Warren_iowa-caucus-app
ai_nanoid,dylang_shortid
heavyy_vue-intersect,Elizabeth-Warren_iowa-caucus-app
theKashey_vue-focus-lock,Elizabeth-Warren_iowa-caucus-app
theKashey_focus-lock,theKashey_vue-focus-lock
LinusBorg_portal-vue,Elizabeth-Warren_iowa-caucus-app
vuejs_vue-router,Elizabeth-Warren_iowa-caucus-app
date-fns_date-fns,Elizabeth-Warren_iowa-caucus-app
S1,S84
S1,S221
S4,S162
S4,S5
S4,S7
S4,S20
S6,S15
S8,S205
S8,S206
S8,S175
S8,S162
S8,S5
S10,S15
S10,S6
S11,S8
S12,S205
S12,S7
S14,S188
S14,S19
S14,S15
S14,S7
S14,S16
S17,S242
S17,S205
S17,S201
S17,S206
S17,S175
S17,S19
S17,S15
S17,S198
S17,S16
S18,S170
S18,S242
S18,S205
S18,S175
S18,S15
S18,S217
S18,S238
S19,S205
S20,S7
S21,S170
S21,S87
S22,S205
S24,S62
S30,S217
S32,S55
S33,S205
S36,S1
S43,S205
S43,S26
S44,S211
S44,S175
S44,S220
S49,S198
S51,S68
S52,S217
S52,S200
S55,S93
S55,S32
S62,S242
S62,S24
S63,S211
S63,S217
S63,S222
S63,S210
S64,S200kryum
S65,S175
S68,S242
S68,S205
S68,S51
S80,S175
S83,S205
S84,S1
S84,S205
S84,S109
S84,S87
S84,S118
S84,S94
S87,S21
S87,S59
S90,S170
S90,S217
S90,S166
S90,S200kryum
S90,S209
S91,S205
S92,S84
S92,S87
S93,S55
S101,S217
S109,S84
S113,S205
S114,S87
S116,S230
S116,S217
S116,S226
S120,S242
S120,S1
S120,S205
S120,S188
S128,S242
S128,S205
S128,S217
S130,S1
S130,S205
S130,S187
S130,S201
S130,S206
S130,S162
S130,S200
S133,S129
S149,S150
S150,S149
S160,S205
S161,S242
S161,S205
S163,S164
S163,S226
S164,S165
S164,S226
S164,S163
S165,S164
S166,S211
S166,S217
S166,S213
S166,S225
S166,S222
S166,S210
S166,S218
S166,S200kryum
S166,S228
S166,S227
S166,S220
S168,S170
S168,S242
S168,S175
S168,S176
S168,S171
S170,S175
S170,S168
S171,S170
S175,S170
S175,S172
S175,S168
S176,S170
S183,S205
S183,S238
S186,S192
S190,S207
S192,S186
S194,S170
S194,S205
S198,S1
S200,S242
S200,S1
S200,S205
S200,S140
S200,S84
S200,S201
S200,S206
S200,S175
S200,S198
S200,S130
S201,S205
S203,S242
S203,S206
S203,S226
S203,S238
S204,S205
S206,S242
S206,S205
S206,S203
S206,S237
S206,S239
S206,S238
S207,S242
S207,S205
S207,S206
S207,S175
S209,S217
S210,S217
S211,S138
S211,S242
S211,S1
S211,S205
S211,S206
S211,S230
S211,S217
S211,S214
S211,S213
S211,S166
S211,S225
S211,S221
S211,S222
S211,S226
S211,S210
S211,S218
S211,S200kryum
S211,S228
S211,S227
S211,S231
S211,S223
S211,S63
S211,S229
S211,S209
S211,S212
S211,S220
S211,S232
S212,S175
S212,S217
S212,S166
S212,S226
S212,S200kryum
S212,S227
S212,S223
S213,S205
S213,S211
S213,S217
S213,S166
S213,S221
S213,S222
S213,S226
S213,S210
S213,S218
S213,S200kryum
S213,S227
S213,S231
S213,S212
S214,S217
S217,S242
S217,S1
S217,S205
S217,S206
S217,S175
S217,S230
S218,S217
S218,S210
S218,S200kryum
S200kryum,S211
S200kryum,S217
S200kryum,S213
S200kryum,S166
S200kryum,S226
S200kryum,S218
S200kryum,S209
S200kryum,S212
S200kryum,S220
S221,S170
S221,S242
S221,S1
S221,S205
S221,S211
S221,S230
S221,S217
S221,S213
S221,S226
S221,S200kryum
S221,S228
S222,S205
S222,S211
S222,S217
S222,S213
S222,S63
S224,S200kryum
S225,S211
S225,S217
S225,S226
S226,S211
S226,S15
S226,S230
S226,S217
S226,S213
S226,S166
S226,S221
S226,S210
S226,S200kryum
S226,S209
S227,S217
S228,S205
S228,S217
S228,S221
S229,S211
S229,S217
S229,S213
S229,S166
S229,S222
S229,S226
S229,S210
S229,S218
S229,S200kryum
S229,S209
S229,S212
S231,S211
S231,S230
S231,S217
S231,S213
S231,S221
S231,S222
S231,S210
S231,S200kryum
S231,S227
S231,S224
S232,S205
S232,S211
S232,S230
S232,S217
S232,S213
S232,S221
S232,S222
S232,S226
S232,S228
S232,S224
S237,S242
S237,S238
S238,S242
S238,S205
S238,S206
S238,S203
S239,S242
S239,S1
S239,S206
S239,S217
S239,S203
S239,S238
S242,S170
S242,S1
S242,S205
S242,S140
S242,S206
S242,S172
S242,S226
S242,S238
S245,S244
S217,S242
S217,S1
S217,S205
S217,S206
S217,S175
S217,S230
S218,S217
S218,S210
S218,S200kryum
S200kryum,S211
S200kryum,S217
S200kryum,S213
S200kryum,S166
S200kryum,S226
S200kryum,S218
S200kryum,S209
S200kryum,S212
S200kryum,S220
S221,S170
S221,S242
S221,S1
S221,S205
S221,S211
S221,S230
S221,S217
S221,S213
S221,S226
S221,S200kryum
S221,S228
S222,S205
S222,S211
S222,S217
S222,S213
S222,S63
S224,S200kryum
S225,S211
S225,S217
S225,S226
S226,S211
S226,S15
S226,S230
S226,S217
S226,S213
S226,S166
S226,S221
S226,S210
S226,S200kryum
S226,S209
S227,S217
S228,S205
S228,S217
S228,S221
S229,S211
S229,S217
S229,S213
S229,S166
S229,S222
S229,S226
S229,S210
S229,S218
S229,S200kryum
S229,S209
S229,S212
S231,S211
S231,S230
S231,S217
S231,S213
S231,S221
S231,S222
S231,S210
S231,S200kryum
S231,S227
S231,S224
S232,S205
S232,S211
S232,S230
S232,S217
S232,S213
S232,S221
S232,S222
S232,S226
S232,S228
S232,S224
S237,S242
S237,S238
S238,S242
S238,S205
S238,S206
S238,S203
S239,S242
S239,S1
S239,S206
S239,S217
S239,S203
S239,S238
S242,S170
S242,S1
S242,S205
S242,S140
S242,S206
S242,S172
S242,S226
S242,S238
S245,S244
S242,S1
S84,S1
S36,S1
S120,S1
S221,S1
S239,S1
S211,S1
S198,S1
S217,S1
S130,S1
S200,S1
S8,S5
S4,S5
S10,S6
S14,S7
S12,S7
S4,S7
S20,S7
S11,S8
S10,S15
S226,S15
S14,S15
S6,S15
S18,S15
S17,S15
S14,S16
S17,S16
S14,S19
S17,S19
S4,S20
S87,S21
S62,S24
S43,S26
S55,S32
S68,S51
S93,S55
S32,S55
S87,S59
S24,S62
S211,S63
S222,S63
S51,S68
S1,S84
S109,S84
S92,S84
S200,S84
S21,S87
S114,S87
S84,S87
S92,S87
S55,S93
S84,S94
S84,S109
S84,S118
S133,S129
S200,S130
S211,S138
S242,S140
S200,S140
S150,S149
S149,S150
S130,S162
S8,S162
S4,S162
S164,S163
S165,S164
S163,S164
S164,S165
S200kryum,S166
S229,S166
S226,S166
S90,S166
S212,S166
S211,S166
S213,S166
S175,S168
S170,S168
S242,S170
S175,S170
S168,S170
S18,S170
S176,S170
S171,S170
S21,S170
S194,S170
S90,S170
S221,S170
S168,S171
S175,S172
S242,S172
S170,S175
S207,S175
S17,S175
S168,S175
S217,S175
S18,S175
S200,S175
S212,S175
S80,S175
S8,S175
S44,S175
S65,S175
S168,S176
S192,S186
S130,S187
S14,S188
S120,S188
S186,S192
S17,S198
S49,S198
S200,S198
S52,S200
S130,S200
S130,S201
S200,S201
S17,S201
S239,S203
S238,S203
S206,S203
S242,S205
S207,S205
S206,S205
S211,S205
S17,S205
S84,S205
S68,S205
S161,S205
S201,S205
S217,S205
S200,S205
S204,S205
S228,S205
S43,S205
S221,S205
S113,S205
S130,S205
S183,S205
S18,S205
S19,S205
S160,S205
S194,S205
S120,S205
S128,S205
S8,S205
S91,S205
S222,S205
S238,S205
S12,S205
S232,S205
S33,S205
S22,S205
S213,S205
S83,S205
S242,S206
S211,S206
S207,S206
S17,S206
S217,S206
S130,S206
S200,S206
S238,S206
S239,S206
S203,S206
S8,S206
S190,S207
S211,S209
S200kryum,S209
S229,S209
S90,S209
S226,S209
S211,S210
S229,S210
S166,S210
S218,S210
S63,S210
S226,S210
S213,S210
S231,S210
S222,S211
S213,S211
S63,S211
S229,S211
S225,S211
S44,S211
S226,S211
S232,S211
S221,S211
S166,S211
S200kryum,S211
S231,S211
S211,S212
S200kryum,S212
S229,S212
S213,S212
S211,S213
S200kryum,S213
S229,S213
S222,S213
S226,S213
S232,S213
S166,S213
S221,S213
S231,S213
S211,S214
S52,S217
S211,S217
S228,S217
S221,S217
S214,S217
S63,S217
S218,S217
S229,S217
S209,S217
S227,S217
S222,S217
S212,S217
S210,S217
S18,S217
S116,S217
S239,S217
S213,S217
S200kryum,S217
S211,S218
S200kryum,S218
S229,S218
S213,S218
S166,S218
S211,S200kryum
S166,S200kryum
S213,S200kryum
S229,S200kryum
S212,S200kryum
S226,S200kryum
S64,S200kryum
S90,S200kryum
S221,S200kryum
S224,S200kryum
S231,S200kryum
S218,S200kryum
S211,S220
S166,S220
S44,S220
S200kryum,S220
S228,S221
S1,S221
S232,S221
S211,S221
S226,S221
S213,S221
S231,S221
S211,S222
S63,S222
S229,S222
S213,S222
S231,S222
S232,S222
S166,S222
S212,S223
S211,S223
S231,S224
S232,S224
S211,S225
S166,S225
S200kryum,S226
S229,S226
S211,S226
S225,S226
S232,S226
S213,S226
S221,S226
S212,S226
S203,S226
S164,S226
S242,S226
S116,S226
S163,S226
S211,S227
S166,S227
S213,S227
S212,S227
S231,S227
S232,S228
S166,S228
S211,S228
S221,S228
S211,S229
S217,S230
S211,S230
S116,S230
S221,S230
S226,S230
S232,S230
S231,S230
S211,S231
S213,S231
S211,S232
S206,S237
S242,S238
S206,S238
S239,S238
S18,S238
S183,S238
S203,S238
S237,S238
S206,S239
S207,S242
S206,S242
S17,S242
S68,S242
S217,S242
S62,S242
S200,S242
S168,S242
S238,S242
S211,S242
S239,S242
S161,S242
S120,S242
S18,S242
S203,S242
S128,S242
S237,S242
S221,S242
S245,S244
