Elizabeth-Warren_iowa-caucus-app,axios_axios
axios_axios,follow-redirects_follow-redirects
follow-redirects_follow-redirects,visionmedia_debug
visionmedia_debug,zeit_ms
Elizabeth-Warren_iowa-caucus-app,lodash_lodash
Elizabeth-Warren_iowa-caucus-app,zloirock_core-js
Elizabeth-Warren_iowa-caucus-app,robinvdvleuten_vuex-persistedstate
robinvdvleuten_vuex-persistedstate,robinvdvleuten_shvl
robinvdvleuten_vuex-persistedstate,TehShrike_deepmerge
Elizabeth-Warren_iowa-caucus-app,vuejs_vuex
Elizabeth-Warren_iowa-caucus-app,vuejs-tips_vue-the-mask
Elizabeth-Warren_iowa-caucus-app,yyx990803_register-service-worker
Elizabeth-Warren_iowa-caucus-app,vuejs_vue
Elizabeth-Warren_iowa-caucus-app,dylang_shortid
dylang_shortid,ai_nanoid
Elizabeth-Warren_iowa-caucus-app,heavyy_vue-intersect
Elizabeth-Warren_iowa-caucus-app,theKashey_vue-focus-lock
theKashey_vue-focus-lock,theKashey_focus-lock
Elizabeth-Warren_iowa-caucus-app,LinusBorg_portal-vue
Elizabeth-Warren_iowa-caucus-app,vuejs_vue-router
Elizabeth-Warren_iowa-caucus-app,date-fns_date-fns