Name,Technical
ai_nanoid,1
@ai,0
@dependabot,0
@tidelift,0
axios_axios,1
@Alanscut,0
@chinesedfan,0
@deltaepsilon,0
@emilyemorehouse,0
@fed135,0
@felipewmartins,0
@heyamykate,0
@jasonsaayman,0
@jphilipstevens,0
@JustinBeckwith,0
@Khaledgarbaya,0
@mzabriskie,0
@nickuraltsev,0
@pazguille,0
@rootsher,0
@rubennorte,0
@yasuf,0
date-fns_date-fns,1
@102,0
@abduwaly,0
@adrm,0
@albertorestifo,0
@alexandernanberg,0
@alpcanaydin,0
@alyrik,0
@Andersbiha,0
@angdev,0
@aocneanu,0
@arvigeus,0
@asia-t,0
@athivvat,0
@avizcaino,0
@bentinata,0
@berkaey,0
@CaptainJiNX,0
@cubicwork,0
@curry684,0
@dagstuan,0
@dalwadani,0
@davidrus,0
@dbtek,0
@deerawan,0
@DeMuu,0
@derekblank,0
@dfreire,0
@dignite,0
@dkozickis,0
@drakvuf,0
@draperunner,0
@drugoi,0
@duailibe,0
@edorivai,0
@ertrzyiks,0
@existentialism,0
@fanixk,0
@fbonzon,0
@fidelman,0
@fidelpita,0
@fintara,0
@fjaguero,0
@fnlctrl,0
@gandesc,0
@gpetrioli,0
@guigrpa,0
@Gustorn,0
@hanse,0
@harogaston,0
@hawkup,0
@iamssen,0
@Imballinst,0
@izeau,0
@jake-the-bot,0
@JozefBiros,0
@jsergiu,0
@jtangelder,0
@juanangosto,0
@justrag,0
@kbrabrand,0
@kgram,0
@KingMario,0
@korzhyk,0
@kossnocorp,0
@Lakston,0
@Landish,0
@leshakoss,0
@lihop,0
@lovelovedokidoki,0
@manico,0
@mareksuscak,0
@markowsiak,0
@marnusw,0
@mattlewis92,0
@MBing,0
@mborgbrant,0
@melonmanchan,0
@mesqueeb,0
@mikolajgrzyb,0
@mimperatore,0
@mort3za,0
@netlify,0
@Nirlah,0
@nodtem66,0
@nscepanovic,0
@nutboltu,0
@pardoeryanair,0
@pex,0
@piotrd,0
@priithansen,0
@prudolfs,0
@Pyppe,0
@rbudiharso,0
@RIanDeLaCruz,0
@rogyvoje,0
@sabrinamiao,0
@saithis,0
@sh3pik,0
@shcherbyakdev,0
@silvenon,0
@so99ynoodles,0
@soyuka,0
@SpiderUnicorn,0
@stefanbugge,0
@stefanvermaas,0
@teoulas,0
@touhidrahman,0
@tpai,0
@trongthanh,0
@tunnckoCore,0
@TwoDCube,0
@TxHawks,0
@vanvuongngo,0
@vin-car,0
@vlahupetar,0
@wregis,0
@YagoCarballo,0
@ykzts,0
@Zyten,0
dylang_shortid,1
@dylang,0
@renovate,0
Elizabeth-Warren_iowa-caucus-app,1
@avrilpearl,0
@dexchan,0
@ffaristocrat,0
@github-actions,0
@higgyCodes,0
@jegner1,0
@jsmatfess,0
@lalpert,0
@matteosb,0
@mconlow,0
@mick,0
@minervakass,0
@oliviarobinson,0
@persistbot,0
@pjstein,0
@pull-panda,0
@rachfunk,0
@slack,0
follow-redirects_follow-redirects,1
@jamestalmage,0
@olalonde,0
@RubenVerborgh,0
heavyy_vue-intersect,1
@madsrasmussen,0
@simonbusborg,0
@tkjaergaard,0
LinusBorg_portal-vue,1
@LinusBorg,0
@now,0
lodash_lodash,1
@bnjmnt4n,0
@falsyvalues,0
@jdalton,0
@jfmengels,0
@jridgewell,0
@JSFOwner,0
@lock,0
@mathiasbynens,0
@zackhall,0
robinvdvleuten_shvl,1
@allcontributors,0
@appsignal,0
@circleci-checks,0
@dependabot-preview,0
@honeybadger,0
@render,0
@robinvdvleuten,0
@sentry-io,0
@terraform-cloud,0
robinvdvleuten_vuex-persistedstate,1
TehShrike_deepmerge,1
@dadambickford,0
@gr2m,0
@KyleAMathews,0
@macdja38,0
@nhocki,0
@nrf110,0
@OscarGodson,0
@sohkai,0
@TehShrike,0
theKashey_focus-lock,1
@codecov,0
@devhub-app,0
@greenkeeper,0
@theKashey,0
@travis-ci,0
theKashey_vue-focus-lock,1
visionmedia_debug,1
@A,0
@dougwilson,0
@jongleberry-bot,0
@Qix-,0
@thebigredgeek,0
@tj,0
@TooTallNate,0
@travisjeffery,0
vuejs-tips_vue-the-mask,1
@neves,0
vuejs_vue-router,1
@blake-newman,0
@chrisvfritz,0
@kazupon,0
@phanan,0
@posva,0
@simplesmiler,0
@vue-bot,0
@welcome,0
@yyx990803,0
@znck,0
vuejs_vue,1
@Akryum,0
@eddyerburgh,0
@Justineo,0
@ktsn,0
@michalsnik,0
@NataliaTepluhina,0
@nickmessing,0
@sdras,0
@shentao,0
@sodatea,0
vuejs_vuex,1
@hootlex,0
@Jinjiang,0
@kiaking,0
yyx990803_register-service-worker,1
@ulivz,0
zeit_ms,1
@checkly,0
@cleishm,0
@instantish,0
@jira,0
@joecohens,0
@leo,0
@matheuss,0
@percy,0
@pull-reminders-ci-notifications,0
@rauchg,0
@zeit-test,0
zloirock_core-js,1
@slowcheetah,0
@zloirock,0
